[
  {
    "id": 1,
    "img": "https://www.google.com/url?sa=i&url=https%3A%2F%2Fencrypted-tbn1.gstatic.com%2Fimages%3Fq%3Dtbn%3AANd9GcRXef9DJnZiq5az0UnjkmvkQufOQ5MFnF7HATYRUXN913swRuH1&psig=AOvVaw3OJP-uWed6toVTG9Iq7ebF&ust=1760857240604000&source=images&cd=vfe&opi=89978449&ved=0CBEQjRxqFwoTCODF98OWrZADFQAAAAAdAAAAABAE",
    "name": "Avengers: Endgame",
    "Imdb": "8.4/10",
    "Info": "Action/Sci-Fi",
    "time": "181 min",
    "char": "Tony Stark",
    "run": "3HR 1Min"
  },
  {
    "id": 2,
    "img": "https://upload.wikimedia.org/wikipedia/en/2/2e/Inception_%282010%29_theatrical_poster.jpg",
    "name": "Inception",
    "Imdb": "8.8/10",
    "Info": "Action/Sci-Fi",
    "time": "148 min",
    "char": "Dom Cobb",
    "run": "2HR 28Min"
  },
  {
    "id": 3,
    "img": "https://upload.wikimedia.org/wikipedia/en/b/bc/Interstellar_film_poster.jpg",
    "name": "Interstellar",
    "Imdb": "8.6/10",
    "Info": "Sci-Fi/Drama",
    "time": "169 min",
    "char": "Cooper",
    "run": "2HR 49Min"
  },
  {
    "id": 4,
    "img": "https://upload.wikimedia.org/wikipedia/en/1/1c/The_Dark_Knight_%282008_film%29.jpg",
    "name": "The Dark Knight",
    "Imdb": "9.0/10",
    "Info": "Action/Crime",
    "time": "152 min",
    "char": "Bruce Wayne",
    "run": "2HR 32Min"
  },
 {
  "id": 5,
  "img": "https://upload.wikimedia.org/wikipedia/en/d/db/The_Matrix.png",
  "name": "The Matrix",
  "Imdb": "8.7/10",
  "Info": "Action/Sci-Fi",
  "time": "136 min",
  "char": "Neo",
  "run": "2HR 16Min"
},
  {
    "id": 6,
    "img": "https://upload.wikimedia.org/wikipedia/en/8/81/ShawshankRedemptionMoviePoster.jpg",
    "name": "The Shawshank Redemption",
    "Imdb": "9.3/10",
    "Info": "Drama/Crime",
    "time": "142 min",
    "char": "Andy Dufresne",
    "run": "2HR 22Min"
  },
  {
    "id": 7,
    "img": "https://upload.wikimedia.org/wikipedia/en/f/fc/Fight_Club_poster.jpg",
    "name": "Fight Club",
    "Imdb": "8.8/10",
    "Info": "Drama",
    "time": "139 min",
    "char": "Tyler Durden",
    "run": "2HR 19Min"
  },
  {
    "id": 8,
    "img": "https://upload.wikimedia.org/wikipedia/en/6/67/Forrest_Gump_poster.jpg",
    "name": "Forrest Gump",
    "Imdb": "8.8/10",
    "Info": "Drama/Romance",
    "time": "142 min",
    "char": "Forrest Gump",
    "run": "2HR 22Min"
  },
  {
    "id": 9,
    "img": "https://www.google.com/url?sa=i&url=https%3A%2F%2Fencrypted-tbn1.gstatic.com%2Fimages%3Fq%3Dtbn%3AANd9GcT6ScgB_tT-G0ZcV4EtGU6noFMP0dOeC6NrrifBcDNeJ91v2Pm2&psig=AOvVaw0NuLDX1oYXmbJq14_jKRYx&ust=1760857277064000&source=images&cd=vfe&opi=89978449&ved=0CBEQjRxqFwoTCLjxm9WWrZADFQAAAAAdAAAAABAE",
    "name": "The Social Network",
    "Imdb": "7.7/10",
    "Info": "Drama/Biography",
    "time": "120 min",
    "char": "Mark Zuckerberg",
    "run": "2HR 0Min"
  },
  {
    "id": 10,
    "img": "https://upload.wikimedia.org/wikipedia/en/0/01/Whiplash_poster.jpg",
    "name": "Whiplash",
    "Imdb": "8.5/10",
    "Info": "Drama/Music",
    "time": "106 min",
    "char": "Andrew Neiman",
    "run": "1HR 46Min"
  },
  {
    "id": 11,
    "img": "https://upload.wikimedia.org/wikipedia/en/e/e1/Joker_%282019_film%29_poster.jpg",
    "name": "Joker",
    "Imdb": "8.4/10",
    "Info": "Crime/Drama",
    "time": "122 min",
    "char": "Arthur Fleck",
    "run": "2HR 2Min"
  },
  {
    "id": 12,
    "img": "https://upload.wikimedia.org/wikipedia/en/9/9b/Blade_Runner_2049_poster.png",
    "name": "Blade Runner 2049",
    "Imdb": "8.0/10",
    "Info": "Sci-Fi/Thriller",
    "time": "164 min",
    "char": "K",
    "run": "2HR 44Min"
  },
  {
    "id": 13,
    "img": "https://upload.wikimedia.org/wikipedia/en/1/1c/Godfather_ver1.jpg",
    "name": "The Godfather",
    "Imdb": "9.2/10",
    "Info": "Crime/Drama",
    "time": "175 min",
    "char": "Michael Corleone",
    "run": "2HR 55Min"
  },
  {
    "id": 14,
    "img": "https://upload.wikimedia.org/wikipedia/en/7/7f/Star_Wars_The_Last_Jedi.jpg",
    "name": "Star Wars: The Last Jedi",
    "Imdb": "7.0/10",
    "Info": "Sci-Fi/Adventure",
    "time": "152 min",
    "char": "Rey",
    "run": "2HR 32Min"
  },
  {
    "id": 15,
    "img": "https://upload.wikimedia.org/wikipedia/commons/7/73/Parasite2019_%28cropped%29.jpg",
    "name": "Parasite",
    "Imdb": "8.6/10",
    "Info": "Drama/Thriller",
    "time": "132 min",
    "char": "Kim Ki-taek",
    "run": "2HR 12Min"
  },
  {
    "id": 16,
    "img": "https://upload.wikimedia.org/wikipedia/en/4/4d/Avengers_Infinity_War_poster.jpg",
    "name": "Avengers: Infinity War",
    "Imdb": "8.4/10",
    "Info": "Action/Sci-Fi",
    "time": "149 min",
    "char": "Tony Stark",
    "run": "2HR 29Min"
  },
  {
    "id": 17,
    "img": "https://upload.wikimedia.org/wikipedia/en/a/ab/La_La_Land_%28film%29.png",
    "name": "La La Land",
    "Imdb": "8.0/10",
    "Info": "Drama/Musical",
    "time": "128 min",
    "char": "Mia",
    "run": "2HR 8Min"
  },
  {
    "id": 18,
    "img": "https://upload.wikimedia.org/wikipedia/en/c/c3/Inglourious_Basterds_poster.jpg",
    "name": "Inglourious Basterds",
    "Imdb": "8.3/10",
    "Info": "War/Drama",
    "time": "153 min",
    "char": "Lt. Aldo Raine",
    "run": "2HR 33Min"
  },
  {
  "id": 19,
  "img": "https://upload.wikimedia.org/wikipedia/en/1/18/Titanic_%281997_film%29_poster.png",
  "name": "Titanic",
  "Imdb": "7.8/10",
  "Info": "Romance/Drama",
  "time": "195 min",
  "char": "Jack Dawson",
  "run": "3HR 15Min"
}
,
  {
  "id": 20,
  "img": "https://upload.wikimedia.org/wikipedia/en/f/fb/Gladiator_%282000_film_poster%29.png",
  "name": "Gladiator",
  "Imdb": "8.5/10",
  "Info": "Action/Drama",
  "time": "155 min",
  "char": "Maximus",
  "run": "2HR 35Min"
}

]
